[
  {
    "type": "Text",
    "value": "Синички",
    "styles": {
      "font-size": "30",
      "horizontalAligment": "center",
      "margin": "0, 20"
    }
  },
  {
    "type": "Text",
    "value": "Синичка – велика трудівниця. Готуватись до зимового голоду вона починає ще весною або влітку. І до зими ця маленька пташечка може назбирати і сховати до 15 кг насіння і зернят. Проте взимку не завжди їй вдається знайти схованку. Тому доводиться шукати їжу під снігом або харчуватися у годівничках.",
    "styles": {
      "font-size": "20"
    }
  },
  {
    "type": "Image",
    "value": "resources/images/get/732483044870e8e17d8121342a9cafbc.jpeg",
    "styles": {
      "margin": "0 10",
      "horizontalAligment": "center"
    }
  },
  {
    "type": "Text",
    "value": "Снігурі",
    "styles": {
      "font-size": "30",
      "horizontalAligment": "center",
      "margin": "0, 20"
    }
  },
  {
    "type": "Text",
    "value": "Як це не дивно звучить, але чим більші морози, тим спокійнішими виглядають снігурі. Зазвичай вони літають невеликими зграйками до 10 осіб. У люті морози снігурі сидять нерухомо і лише час від часу «оживають», щоб з’їсти яку-небудь ягідку чи насіння. Особливо полюбляють снігурі ягоди горобини.",
    "styles": {
      "font-size": "20"
    }
  },
  {
    "type": "Image",
    "value": "resources/images/get/c0c0eb31dc784d7f6fcfe7bcd3960eff.jpeg",
    "styles": {
      "margin": "0 10",
      "horizontalAligment": "center"
    }
  },
  {
    "type": "Text",
    "value": "Горобчики",
    "styles": {
      "font-size": "30",
      "horizontalAligment": "center",
      "margin": "0, 20"
    }
  },
  {
    "type": "Text",
    "value": "Хоча горобчики і невибагливі у виборі їжі, проте взимку ці маленькі сірі пташечки потребують допомоги людини. Харчуються горобчики насінням, зерном, хлібними крихтами. Тому варто їх підгодовувати.",
    "styles": {
      "font-size": "20"
    }
  },
  {
    "type": "Image",
    "value": "resources/images/get/3d9af7e175b035edc1275fb332944404.jpeg",
    "styles": {
      "margin": "0 10",
      "horizontalAligment": "center"
    }
  },
  {
    "type": "Text",
    "value": "Дятли",
    "styles": {
      "font-size": "30",
      "horizontalAligment": "center",
      "margin": "0, 20"
    }
  },
  {
    "type": "Text",
    "value": "Цікаво спостерігати за зимівлею дятлів. Дятли можуть як відлітати у теплі краї, так і зимувати у рідних лісах. Зимують вони у дуплах, які самі й видовбують. Зазвичай дятли харчуються комахами, ягодами і насінням, але взимку їхній раціон значно звужується. Їх рятує насіння ялинових і соснових шишок. І попри невелику кількість їжі, дятли є дуже щедрими птахами і з легкістю можуть поділитися їжею з іншими пернатими.",
    "styles": {
      "font-size": "20"
    }
  },
  {
    "type": "Image",
    "value": "resources/images/get/027b3b078bdf5acc09731f1090636e01.jpeg",
    "styles": {
      "margin": "0 10",
      "horizontalAligment": "center"
    }
  },
  {
    "type": "Text",
    "value": "Сойки",
    "styles": {
      "font-size": "30",
      "horizontalAligment": "center",
      "margin": "0, 20"
    }
  },
  {
    "type": "Text",
    "value": "Ці красиві птахи теж завчасно готуються до зими. Раціон сойки дуже різноманітний: комахи, ягоди, насіння, зерно, горіхи. Але взимку вони харчуються переважно жолудями. Ще восени сойки шукають жолуді і ховають у дуплах дерев, між корінням, під пеньками. Причому ховають лише відбірні жолуді, тому нерідко весною вони проростають. Завдяки хорошій пам’яті ці птахи з легкістю знаходять свої схованки.",
    "styles": {
      "font-size": "20"
    }
  },
  {
    "type": "Image",
    "value": "resources/images/get/70a1f0e55fb152e7ca644a7f515ab4b0.jpeg",
    "styles": {
      "margin": "0 10",
      "horizontalAligment": "center"
    }
  },
  {
    "type": "Text",
    "value": "Омелюхи",
    "styles": {
      "font-size": "30",
      "horizontalAligment": "center",
      "margin": "0, 20"
    }
  },
  {
    "type": "Text",
    "value": "Ці птахи прилітають до нас в Україну з півночі: тайги та лісотундри. Живуть переважно у лісах. До населених пунктів не прилітають і не неближаються. Тому їх можна побачити лише далеко від \"цивілізації\". Годуються ягодами та омелею. Прилітаю перші омелюхи до нас наприкінці листопада, на початку грудня. Зимують до середини квітня - початку травня. Потім відлітають назад на північ.",
    "styles": {
      "font-size": "20"
    }
  },
  {
    "type": "Image",
    "value": "resources/images/get/c0f3c15ec09c67e51ccd6b99b3bf5df4.jpeg",
    "styles": {
      "margin": "0 10",
      "horizontalAligment": "center"
    }
  },
  {
    "type": "Text",
    "value": "Щиглики",
    "styles": {
      "font-size": "30",
      "horizontalAligment": "center",
      "margin": "0, 20"
    }
  },
  {
    "type": "Text",
    "value": "Зимують у яах та на узліссі. Взимку, переважно, харчуються зерном, тому їх часто можна зустріти на подвір'ї будинків, які розташовані близько до лісосмуги. Взимку ці птахи збираються у великі зграї. Так їм легше пережити холод. Харчуються також разом. Щиголь - це співочий птах. Відносять її до сімейства в'юркових загону горобцеподібних.",
    "styles": {
      "font-size": "20"
    }
  },
  {
    "type": "Image",
    "value": "resources/images/get/f5ce81eb9efb01a5823bc9885db0081c.jpeg",
    "styles": {
      "margin": "0 10",
      "horizontalAligment": "center"
    }
  },
  {
    "type": "Text",
    "value": "Зима – важка пора для птахів, тому варто їм допомогти перезимувати. Змайструй годівничку і допоможи пташечкам пережити люті морози.",
    "styles": {
      "font-size": "20"
    }
  }
]